LPDDKP  MMEMGS,78318,1000,896,650,295,345,480,293,cucombers are the verygood,humus chips salat,if I was rich I would not,the bad is very goodyear,lama lo uganda the
WXZAVA  STWXKA,85409,564,382,531,302,653,545,690,cucombers are the verygood,humus chips salat,if I was rich I would not,the bad is very goodyear,the house is burning if you know
GZIRTH  KTXVAO,93338,932,951,646,735,744,812,417,cucombers are the verygood,humus chips salat,if I was rich I would not,the bad is very goodyear,the house is burning if you know
LMPPXL  XAGYVD,71183,956,791,712,455,395,471,288,cucombers are the verygood,humus chips salat,if I was rich I would not,the bad is very goodyear,the house is burning if you know
ERJNNW  QLQZQJ,79937,770,972,619,504,877,490,605,the bad is very goodyear,humus chips salat,if I was rich I would not,goodforlife is bad,lama lo uganda the
SEINMT  NILYPQ,80661,726,208,926,511,890,381,402,the bad is very goodyear,humus chips salat,if I was rich I would not,goodforlife is bad,lama lo uganda the
EEZPPV  WSCSVR,73552,937,357,342,591,262,368,587,if I was big I was a good firefighter,humus chips salat,if I was rich I would not,goodforlife is bad,lama lo uganda the
RIDYCS  ABJQBF,89111,544,338,930,481,209,347,846,if I was big I was a good firefighter,humus chips salat,if I was rich I would not,goodforlife is bad,lama lo uganda the
UDCJEU  SKKKYQ,77050,681,739,259,646,564,407,543,if I was big I was a good firefighter,humus chips salat,if I was rich I would not,goodforlife is bad,cucombers are the verygood
TWQODZ  KWXNII,70719,579,541,945,627,323,552,947,if I was big I was a good firefighter,Females allways rights,cucombers are the verygood,goodforlife is bad,cucombers are the verygood
FIAHPQ  ZKVAMK,85749,962,269,408,928,290,417,857,if I was big I was a good firefighter,Females allways rights,cucombers are the verygood,Females allways rights,cucombers are the verygood
DCDWQG  GWHRXI,76084,852,831,714,910,426,860,224,the house is burning ifyou know,Females allways rights,cucombers are the verygood,Females allways rights,cucombers are the verygood
BKTFJA  RIJEOP,90345,631,800,980,349,634,662,216,the house is burning ifyou know,Females allways rights,cucombers are the verygood,Females allways rights,America YES we if CAN
CWTFOV  WJWBYM,94964,957,372,839,477,439,984,408,the house is burning ifyou know,Females allways rights,cucombers are the verygood,Females allways rights,America YES we if CAN
UIZJDM  CXSVDT,75569,411,674,552,278,557,873,828,the house is burning ifyou know,the house is burning ifyou know,pelepele good phone,Females allways rights,America YES we if CAN
IKTYBG  VNGSRU,99805,436,838,303,919,915,873,488,the house is burning ifyou know,the house is burning ifyou know,pelepele good phone,Females allways rights,America YES we if CAN
PVUFVS  ETHQDR,78596,544,323,518,713,338,259,658,the house is burning ifyou know,the house is burning ifyou know,pelepele good phone,Females allways rights,tupac if still alive
DQDDTA  ETHOFO,89139,636,908,591,609,678,926,614,the house is burning ifyou know,the house is burning ifyou know,pelepele good phone,Females allways rights,tupac if still alive
ORHWMA  KJMDFX,78588,212,600,353,234,513,818,919,I do not like to play soccer,the house is burning ifyou know,pelepele good phone,Females allways rights,tupac if still alive
DDZHKF  JCHHPI,85787,389,354,929,614,482,897,769,I do not like to play soccer,the house is burning ifyou know,pelepele good phone,I do not like to play football,tupac if still alive
UBAQDL  FDKQMB,81581,876,204,745,886,645,249,940,I do not like to play soccer,the good the bad and the ugly,pelepele good phone,I do not like to play football,tupac if still alive
UAOSNG  APAFGM,76894,779,493,575,850,693,770,725,I do not like to play soccer,the good the bad and the ugly,the good the bad and the ugly,I do not like to play football,tupac if still alive
RLKRXB  IOVNQY,71507,385,959,498,854,927,670,492,I do not like to play soccer,the good the bad and the ugly,the good the bad and the ugly,I do not like to play football,tupac if still alive
IZOXSU  NCVCZL,82202,758,244,819,719,497,526,513,I do not like to play soccer,the good the bad and the ugly,the good the bad and the ugly,I do not like to play football,tupac if still alive
RFSBOC  MKVPFB,84078,760,612,400,230,936,777,219,I do not like to play soccer,the good the bad and the ugly,the good the bad and the ugly,I do not like to play football,cucombers are the verygood
RGCOTF  CSAICQ,72079,297,425,474,399,874,780,385,I do not like to play soccer,the good the bad and the ugly,the good the bad and the ugly,I do not like to play football,cucombers are the verygood
OSCGRT  WXWJHO,99077,483,791,432,472,753,207,557,I do not like to play soccer,the good the bad and the ugly,the good the bad and the ugly,I do not like to play football,cucombers are the verygood
JORAJW  VJXKNQ,90708,889,231,955,313,814,811,820,bad people are crazy if you know,the good the bad and the ugly,the good the bad and the ugly,I do not like to play football,cucombers are the verygood
IZTKUR  OLCNXE,78738,291,551,412,763,905,472,473,bad people are crazy if you know,the good the bad and the ugly,the good the bad and the ugly,I do not like to play football,cucombers are the verygood
MHYFFF  QBMUTS,81760,477,625,249,596,765,238,421,bad people are crazy if you know,ukraine we love you so bad,the good the bad and the ugly,badpeople are crazy if you know,cucombers are the verygood
NZZXUT  TMFLRZ,73031,730,948,297,955,733,543,224,bad people are crazy if you know,ukraine we love you so bad,the good the bad and the ugly,badpeople are crazy if you know,cucombers are the verygood
CMTETT  DRXUHH,75333,258,428,281,739,518,544,500,bad people are crazy if you know,ukraine we love you so bad,if you like eppplant you are iraki,badpeople are crazy if you know,cucombers are the verygood
DJGIPC  OGBPJK,82377,731,566,592,600,507,998,428,bad people are crazy if you know,ukraine we love you so bad,if you like eppplant you are iraki,badpeople are crazy if you know,if you like eppplant you are iraki
XROFTS  HAQTCL,70738,817,674,976,505,758,524,965,bad people are crazy if you know,ukraine we love you so bad,if you like eppplant you are iraki,badpeople are crazy if you know,if you like eppplant you are iraki
WSITWJ  PFYNMT,94415,360,785,513,867,435,366,877,bad people are crazy if you know,ukraine we love you so bad,if you like eppplant you are iraki,badpeople are crazy if you know,if you like eppplant you are iraki
TZDQIM  BSXBWT,94196,390,357,775,279,695,614,622,if I was rich I would not study,ukraine we love you so bad,if you like eppplant you are iraki,badpeople are crazy if you know,if you like eppplant you are iraki
SXCENM  SOUCTO,93115,735,544,734,441,726,593,526,if I was rich I would not study,ukraine we love you so bad,if you like eppplant you are iraki,bad people are crazy if you know,if you like eppplant you are iraki
MCQBYH  WVNTFF,73498,910,765,859,837,541,499,218,if I was rich I would not study,ukraine we love you so bad,if you like eppplant you are iraki,bad people are crazy if you know,if you like eppplant you are iraki
OHYOHY  XBOTWY,94992,724,502,731,227,468,374,417,if I was rich I would not study,I do not like to play basketball,the house is burning ifyou know,bad people are crazy if you know,if you like eppplant you are iraki
GSFHIG  SIPORY,76923,860,325,804,488,923,682,802,if I was rich I would not study,I do not like to play basketball,the house is burning ifyou know,bad people are crazy if you know,if you like eppplant you are iraki
CAHDOJ  LPIEFH,78829,533,719,766,498,574,906,666,if I was rich I would not study,I do not like to play basketball,the house is burning ifyou know,bad people are crazy if you know,I do not like to play soccer
WBVMEV  VPCEQF,88529,251,212,739,887,789,438,905,big data is small knowladge,I do not like to play basketball,the house is burning ifyou know,bad people are crazy if you know,the house is burning ifyou know
QCIJVM  JOJXXS,71031,824,684,259,255,653,342,762,big data is small knowladge,I do not like to play basketball,the house is burning ifyou know,the house is burning ifyou know,I do not like to play soccer
QVZVKF  KKWMPA,87595,965,674,404,834,645,662,257,big data is small knowladge,I do not like to play basketball,the house is burning ifyou know,the house is burning ifyou know,I do not like to play soccer
ILEVJD  MDCWIH,84347,778,318,368,271,863,408,651,big data is small knowladge,I do not like to play basketball,the house is burning ifyou know,the house is burning ifyou know,I do not like to play soccer
ISNOJK  TKHUKK,99638,800,664,921,547,455,608,421,big data is small knowladge,I do not like to play basketball,the house is burning ifyou know,the house is burning ifyou know,ukraine we love you so bad
AUZFGL  CFEZAH,83986,993,324,882,986,997,768,242,big data is small knowladge,I do not like to play basketball,the house is burning ifyou know,the house is burning ifyou know,ukraine we love you so bad
FLDDRI  AXADTU,86812,676,337,867,401,596,842,569,big data is small knowladge,I do not like to play basketball,the house is burning ifyou know,the house is burning ifyou know,ukraine we love you so bad
PMBQLX  FGNCHB,95459,990,656,288,899,895,864,944,big data is small knowladge,I do not like to play basketball,the house is burning ifyou know,the house is burning ifyou know,ukraine we love you so bad
AEKAGE  FOPWNQ,92212,231,809,405,533,737,697,618,big data is small knowladge,I do not like to play basketball,the house is burning ifyou know,the house is burning ifyou know,ukraine we love you so bad
